{
  "logreg_liblinear": {
    "model_name": "logreg_liblinear",
    "accuracy": 0.847887323943662,
    "f1": 0.859375
  },
  "logreg_gd": {
    "model_name": "logreg_gd",
    "accuracy": 0.8366197183098592,
    "f1": 0.8220858895705522
  }
}