{
  "linear": {
    "model_name": "linear",
    "mse": 2.1399637885702654e+23,
    "r2": 0.46504092095342964
  },
  "ridge": {
    "model_name": "ridge",
    "mse": 2.501762851734055e+23,
    "r2": 0.3745965430327526
  },
  "sgd": {
    "model_name": "sgd",
    "mse": 3.0367606670951406e+23,
    "r2": 0.24085505631876092
  }
}